relative_time,AccX
0,0.21195922851562501
68,0.22019210815429688
134,0.267044677734375
200,0.22034179687500002
269,0.21136047363281252
334,0.25626708984375
400,0.23396347045898438
468,0.20207977294921875
534,0.2484832763671875
600,0.24040008544921876
668,0.19714004516601563
734,0.22947280883789065
800,0.24668701171875002
868,0.20597167968750002
934,0.21106109619140626
1000,0.23486160278320314
1068,0.20791763305664063
1134,0.19010467529296876
1200,0.23396347045898438
1288,0.199984130859375
1334,0.19160156250000002
1400,0.22228775024414063
1468,0.2185455322265625
1534,0.19025436401367188
1600,0.21480331420898438
1668,0.23561004638671876
1734,0.20627105712890625
1800,0.2082170104980469
1868,0.23396347045898438
1934,0.21405487060546877
2000,0.2118095397949219
2068,0.23516098022460938
2134,0.22543121337890626
2200,0.20118164062500002
2269,0.24040008544921876
2334,0.23126907348632814
2400,0.21285736083984377
2467,0.22902374267578127
2534,0.2315684509277344
2600,0.22617965698242187
2668,0.22303619384765627
2734,0.2327659606933594
2800,0.22528152465820314
2867,0.22662872314453125
2934,0.24489074707031253
3000,0.22423370361328127
3068,0.23067031860351564
3134,0.23665786743164063
3200,0.238304443359375
3269,0.21764739990234377
3334,0.24084915161132814
3400,0.23620880126953125
3468,0.22288650512695313
3534,0.22647903442382813
3600,0.23575973510742188
3668,0.2183958435058594
3734,0.22513183593750002
3800,0.22887405395507815
3868,0.2118095397949219
3934,0.2165995788574219
4000,0.223934326171875
4068,0.21151016235351563
4134,0.20522323608398438
4200,0.22348526000976562
4269,0.2219883728027344
4334,0.21195922851562501
4400,0.2125579833984375
4468,0.22408401489257815
4534,0.20492385864257814
4600,0.22153930664062502
4668,0.2221380615234375
4734,0.22004241943359376
4800,0.2219883728027344
4868,0.23531066894531252
4934,0.22288650512695313
5000,0.22513183593750002
5068,0.2369572448730469
5134,0.22378463745117189
5200,0.2165995788574219
5269,0.23321502685546877
5334,0.22767654418945313
5401,0.22842498779296877
5468,0.23052062988281252
5534,0.2285746765136719
5600,0.2185455322265625
5668,0.22827529907226562
5734,0.233514404296875
5800,0.22962249755859376
5867,0.23067031860351564
5934,0.2293231201171875
6000,0.238304443359375
6067,0.22588027954101564
6134,0.23531066894531252
6200,0.2333647155761719
6283,0.2231858825683594
6334,0.23725662231445313
6400,0.23186782836914063
6467,0.21794677734375
6534,0.2245330810546875
6600,0.2285746765136719
6668,0.2124082946777344
6734,0.2130070495605469
6800,0.2219883728027344
6868,0.20507354736328126
6934,0.20612136840820314
7000,0.2089654541015625
7068,0.2070195007324219
7134,0.20657043457031252
7200,0.2136058044433594
7268,0.20312759399414063
7335,0.20686981201171875
7400,0.22034179687500002
7468,0.209564208984375
7534,0.21151016235351563
7601,0.21330642700195312
7667,0.2231858825683594
7734,0.21824615478515627
7800,0.22123992919921875
7868,0.22827529907226562
7934,0.22109024047851564
8001,0.22632934570312502
8068,0.22348526000976562
8134,0.22647903442382813
8200,0.23306533813476563
8268,0.233514404296875
8334,0.23111938476562502
8400,0.2329156494140625
8467,0.24025039672851564
8534,0.23605911254882814
8600,0.228724365234375
8667,0.23007156372070314
8734,0.2341131591796875
8800,0.23980133056640626
8867,0.2389031982421875
8934,0.22902374267578127
9000,0.2329156494140625
9067,0.22977218627929688
9134,0.22348526000976562
9200,0.2171983337402344
9268,0.22498214721679688
9334,0.22303619384765627
9400,0.20941452026367188
9468,0.21315673828125
9534,0.20836669921875
9600,0.20941452026367188
9667,0.20178039550781252
9734,0.20851638793945312
9800,0.20432510375976565
9868,0.1968406677246094
9934,0.1980381774902344
10000,0.2077679443359375
10067,0.1933978271484375
10134,0.20672012329101563
10200,0.21076171875000002
10268,0.22123992919921875
10334,0.20866607666015627
10400,0.21225860595703125
10467,0.21270767211914063
10534,0.21405487060546877
10600,0.2219883728027344
10667,0.22378463745117189
10734,0.21929397583007815
10800,0.22842498779296877
10868,0.23052062988281252
10934,0.22408401489257815
11000,0.22917343139648438
11067,0.24099884033203126
11134,0.22498214721679688
11200,0.2321672058105469
11287,0.2424957275390625
11334,0.23261627197265627
11400,0.23246658325195313
11467,0.23845413208007812
11534,0.238304443359375
11600,0.23665786743164063
11667,0.23620880126953125
11734,0.23052062988281252
11800,0.23171813964843752
11867,0.23141876220703125
11934,0.22827529907226562
12000,0.21450393676757815
12068,0.21136047363281252
12134,0.21570144653320314
12200,0.209564208984375
12268,0.21315673828125
12334,0.20148101806640625
12400,0.19414627075195315
12467,0.19294876098632813
12534,0.2029779052734375
12600,0.19639160156250002
12667,0.204774169921875
12734,0.20402572631835938
12801,0.20207977294921875
12868,0.19728973388671875
12934,0.20746856689453125
13000,0.2022294616699219
13068,0.20073257446289064
13134,0.20178039550781252
13200,0.207169189453125
13268,0.20672012329101563
13334,0.21001327514648438
13400,0.21929397583007815
13467,0.22034179687500002
13534,0.22183868408203125
13600,0.22498214721679688
13667,0.2293231201171875
13734,0.2221380615234375
13800,0.23531066894531252
13868,0.2285746765136719
13934,0.23126907348632814
14000,0.22602996826171876
14068,0.24040008544921876
14134,0.23456222534179688
14200,0.23052062988281252
14269,0.23366409301757815
14334,0.23261627197265627
14400,0.23022125244140626
14467,0.2267784118652344
14534,0.2231858825683594
14600,0.21644989013671875
14668,0.22423370361328127
14734,0.22363494873046877
14800,0.21031265258789064
14868,0.20791763305664063
14934,0.21585113525390626
15001,0.20552261352539064
15068,0.20597167968750002
15134,0.2077679443359375
15200,0.19968475341796876
15268,0.19414627075195315
15334,0.19639160156250002
15401,0.19414627075195315
15468,0.2028282165527344
15534,0.20193008422851563
15600,0.19908599853515627
15668,0.20642074584960937
15734,0.19564315795898438
15800,0.19728973388671875
15867,0.2029779052734375
15934,0.20357666015625
16001,0.21345611572265627
16067,0.20926483154296877
16134,0.21824615478515627
16200,0.2173480224609375
16290,0.21270767211914063
16334,0.21195922851562501
16400,0.2221380615234375
16468,0.22123992919921875
16534,0.2233355712890625
16600,0.23246658325195313
16668,0.22827529907226562
16734,0.22902374267578127
16800,0.23201751708984375
16867,0.23665786743164063
16934,0.22947280883789065
17000,0.24069946289062502
17068,0.2315684509277344
17134,0.2423460388183594
17200,0.23486160278320314
17269,0.23067031860351564
17334,0.228724365234375
17400,0.22243743896484375
17467,0.22483245849609376
17534,0.2171983337402344
17600,0.21585113525390626
17668,0.21151016235351563
17734,0.20627105712890625
17801,0.20672012329101563
17868,0.20582199096679688
17934,0.19833755493164062
18000,0.20866607666015627
18068,0.19669097900390625
18134,0.20058288574218752
18200,0.19504440307617188
18268,0.20731887817382813
18335,0.2028282165527344
18401,0.19728973388671875
18468,0.20537292480468752
18534,0.2041754150390625
18601,0.19399658203125
18667,0.20881576538085939
18734,0.20013381958007814
18801,0.20462448120117188
18868,0.20447479248046876
18934,0.20567230224609376
19000,0.20312759399414063
19068,0.21630020141601564
19134,0.22588027954101564
19201,0.22468276977539064
19269,0.21465362548828126
19334,0.23067031860351564
19401,0.22528152465820314
19468,0.2341131591796875
19534,0.23965164184570314
19601,0.22752685546875
19668,0.22692810058593751
19734,0.22962249755859376
19801,0.23186782836914063
19868,0.23067031860351564
19934,0.2285746765136719
20001,0.22962249755859376
20068,0.22602996826171876
20134,0.21944366455078126
20201,0.21929397583007815
20269,0.22019210815429688
20334,0.22004241943359376
20401,0.21270767211914063
20468,0.21121078491210937
20534,0.2149530029296875
20601,0.21644989013671875
20668,0.207169189453125
20734,0.20207977294921875
20801,0.20178039550781252
20868,0.20372634887695312
20934,0.19414627075195315
21001,0.20043319702148438
21068,0.20507354736328126
21134,0.19728973388671875
21201,0.20103195190429687
21288,0.2034269714355469
21335,0.19609222412109376
21401,0.20447479248046876
21468,0.21794677734375
21534,0.20971389770507814
21601,0.20836669921875
21668,0.21585113525390626
21734,0.2197430419921875
21801,0.21195922851562501
21867,0.22543121337890626
21934,0.22483245849609376
22001,0.22034179687500002
22068,0.23561004638671876
22134,0.2245330810546875
22201,0.2267784118652344
22269,0.23680755615234375
22335,0.23201751708984375
22401,0.22902374267578127
22468,0.2347119140625
22534,0.23501129150390626
22601,0.2329156494140625
22668,0.23082000732421876
22734,0.23875350952148439
22801,0.23231689453125
22867,0.22842498779296877
22934,0.2273771667480469
23001,0.22528152465820314
23068,0.22632934570312502
23134,0.22438339233398438
23201,0.21285736083984377
23267,0.21809646606445313
23334,0.20911514282226565
23401,0.21165985107421875
23468,0.20178039550781252
23534,0.2041754150390625
23601,0.20686981201171875
23668,0.20522323608398438
23735,0.20986358642578126
23805,0.20013381958007814
23868,0.19953506469726565
23939,0.20672012329101563
24005,0.20507354736328126
24068,0.209564208984375
24139,0.21285736083984377
24204,0.21809646606445313
24269,0.20612136840820314
24339,0.21031265258789064
24405,0.21944366455078126
24468,0.207169189453125
24538,0.22498214721679688
24605,0.2329156494140625
24668,0.21600082397460937
24739,0.22617965698242187
24804,0.22887405395507815
24868,0.21989273071289064
24939,0.22498214721679688
25005,0.23875350952148439
25068,0.23022125244140626
25138,0.22827529907226562
25205,0.22842498779296877
25268,0.23126907348632814
25338,0.2233355712890625
25405,0.23201751708984375
25468,0.2321672058105469
25538,0.22842498779296877
25605,0.22977218627929688
25670,0.23486160278320314
25737,0.22094055175781252
25804,0.22004241943359376
25871,0.23456222534179688
25937,0.22842498779296877
26003,0.2185455322265625
26072,0.22962249755859376
26138,0.2070195007324219
26203,0.20357666015625
26290,0.21106109619140626
26336,0.20043319702148438
26404,0.1981878662109375
26471,0.21061203002929688
26537,0.21555175781250002
26605,0.20522323608398438
26671,0.21615051269531252
26736,0.21465362548828126
26804,0.20402572631835938
26872,0.20327728271484377
26937,0.20926483154296877
27004,0.21091140747070314
27072,0.2082170104980469
27137,0.21869522094726562
27204,0.214354248046875
27273,0.2082170104980469
27336,0.22034179687500002
27404,0.2225871276855469
27468,0.22483245849609376
27537,0.22438339233398438
27603,0.2245330810546875
27668,0.2177970886230469
27737,0.22243743896484375
27803,0.2293231201171875
27868,0.2279759216308594
27937,0.23037094116210938
28003,0.22947280883789065
28068,0.228724365234375
28135,0.22947280883789065
28203,0.23860382080078127
28269,0.22962249755859376
28335,0.23067031860351564
28403,0.2341131591796875
28468,0.22962249755859376
28536,0.2197430419921875
28603,0.22558090209960938
28668,0.23096969604492187
28736,0.2225871276855469
28803,0.2225871276855469
28867,0.22228775024414063
28936,0.20806732177734377
29002,0.21121078491210937
29067,0.21959335327148438
29136,0.20462448120117188
29202,0.2077679443359375
29268,0.21061203002929688
29336,0.20971389770507814
29402,0.20118164062500002
29467,0.20806732177734377
29536,0.20043319702148438
29602,0.20252883911132813
29667,0.20627105712890625
29736,0.21420455932617188
29802,0.2077679443359375
29868,0.20133132934570314
29936,0.22004241943359376
30002,0.21136047363281252
30067,0.209564208984375
30136,0.2165995788574219
30202,0.21540206909179688
30268,0.21764739990234377
30335,0.22079086303710938
30402,0.2273771667480469
30467,0.2219883728027344
30535,0.22782623291015627
30602,0.23141876220703125
30668,0.23501129150390626
30736,0.23082000732421876
30802,0.22767654418945313
30868,0.23126907348632814
30935,0.2213896179199219
31002,0.2321672058105469
31068,0.21959335327148438
31135,0.22782623291015627
31202,0.23366409301757815
31291,0.23022125244140626
31335,0.21899459838867188
31402,0.23052062988281252
31468,0.23590942382812502
31535,0.22408401489257815
31602,0.207169189453125
31668,0.21480331420898438
31735,0.21136047363281252
31801,0.21465362548828126
31868,0.21210891723632813
31935,0.20627105712890625
32001,0.20312759399414063
32068,0.21315673828125
32135,0.19654129028320313
32201,0.20312759399414063
32268,0.20492385864257814
32335,0.195194091796875
32401,0.19235000610351563
32467,0.20507354736328126
32535,0.20866607666015627
32601,0.20058288574218752
32667,0.20537292480468752
32734,0.2077679443359375
32801,0.20462448120117188
32867,0.20926483154296877
32935,0.21525238037109376
33001,0.22528152465820314
33067,0.21674926757812502
33135,0.2125579833984375
33201,0.22887405395507815
33269,0.21809646606445313
33335,0.22408401489257815
33401,0.23096969604492187
33468,0.2213896179199219
33535,0.22168899536132813
33601,0.23096969604492187
33668,0.22483245849609376
33734,0.22273681640625
33801,0.2327659606933594
33868,0.2375559997558594
33935,0.22468276977539064
34001,0.23141876220703125
34068,0.2389031982421875
34135,0.21929397583007815
34201,0.22647903442382813
34269,0.22543121337890626
34334,0.2136058044433594
34401,0.21989273071289064
34468,0.22468276977539064
34535,0.20986358642578126
34602,0.1980381774902344
34669,0.20522323608398438
34734,0.2041754150390625
34800,0.19594253540039064
34869,0.20028350830078126
34934,0.20073257446289064
35001,0.19624191284179687
35067,0.20103195190429687
35134,0.20118164062500002
35201,0.1945953369140625
35270,0.20911514282226565
35334,0.20642074584960937
35401,0.20522323608398438
35468,0.20866607666015627
35534,0.2136058044433594
35601,0.19714004516601563
35668,0.20836669921875
35734,0.2221380615234375
35800,0.2124082946777344
35867,0.21195922851562501
35934,0.2173480224609375
36002,0.21869522094726562
36068,0.219144287109375
36135,0.22632934570312502
36201,0.23141876220703125
36290,0.2273771667480469
36335,0.22632934570312502
36401,0.22183868408203125
36468,0.219144287109375
36534,0.2183958435058594
36601,0.228724365234375
36668,0.2267784118652344
36734,0.23052062988281252
36801,0.22588027954101564
36868,0.23052062988281252
36934,0.22513183593750002
37001,0.2233355712890625
37068,0.21390518188476565
37134,0.2225871276855469
37201,0.2125579833984375
37269,0.21540206909179688
37335,0.21465362548828126
37401,0.20642074584960937
37468,0.20537292480468752
37535,0.21480331420898438
37601,0.20207977294921875
37668,0.1993853759765625
37735,0.19983444213867188
37801,0.20073257446289064
37868,0.19369720458984377
37934,0.2022294616699219
38001,0.1986369323730469
38068,0.20507354736328126
38135,0.20507354736328126
38201,0.19175125122070313
38269,0.21165985107421875
38334,0.20791763305664063
38401,0.2029779052734375
38468,0.20507354736328126
38535,0.21151016235351563
38601,0.209564208984375
38668,0.20791763305664063
38734,0.22363494873046877
38801,0.23007156372070314
38868,0.21764739990234377
38935,0.21989273071289064
39001,0.22782623291015627
39068,0.22438339233398438
39134,0.2273771667480469
39202,0.23575973510742188
39269,0.22782623291015627
39334,0.22662872314453125
39401,0.23680755615234375
39468,0.2279759216308594
39534,0.21884490966796877
39601,0.23396347045898438
39668,0.22363494873046877
39734,0.21121078491210937
39801,0.2219883728027344
39867,0.2245330810546875
39934,0.22019210815429688
40001,0.21884490966796877
40068,0.22034179687500002
40134,0.20133132934570314
40201,0.21136047363281252
40269,0.21165985107421875
40334,0.18935623168945315
40401,0.20148101806640625
40468,0.21106109619140626
40534,0.20088226318359376
40601,0.19145187377929687
40668,0.20133132934570314
40734,0.19878662109375
40801,0.19893630981445312
40868,0.21555175781250002
40934,0.21270767211914063
41002,0.20148101806640625
41068,0.21151016235351563
41134,0.2173480224609375
41201,0.19294876098632813
41290,0.21046234130859376
41335,0.22228775024414063
41402,0.204774169921875
41468,0.2125579833984375
41534,0.23111938476562502
41601,0.21480331420898438
41668,0.21405487060546877
41735,0.23126907348632814
41801,0.22273681640625
41868,0.22483245849609376
41935,0.22767654418945313
42001,0.22438339233398438
42068,0.2136058044433594
42134,0.2273771667480469
42202,0.2381547546386719
42269,0.22363494873046877
42334,0.2293231201171875
42401,0.23111938476562502
42468,0.21345611572265627
42534,0.22887405395507815
42601,0.21989273071289064
42668,0.2137554931640625
42734,0.2185455322265625
42801,0.22094055175781252
42868,0.22079086303710938
42934,0.20597167968750002
43001,0.21570144653320314
43068,0.20686981201171875
43135,0.1968406677246094
43201,0.21195922851562501
43269,0.20267852783203125
43335,0.19878662109375
43401,0.20941452026367188
43468,0.20178039550781252
43535,0.18546432495117188
43601,0.19474502563476564
43668,0.20672012329101563
43735,0.192799072265625
43801,0.20941452026367188
43868,0.20207977294921875
43935,0.195194091796875
44001,0.20522323608398438
44068,0.2173480224609375
44135,0.21061203002929688
44201,0.21106109619140626
44269,0.21899459838867188
44335,0.21345611572265627
44401,0.21600082397460937
44468,0.22183868408203125
44535,0.2293231201171875
44601,0.2197430419921875
44668,0.2279759216308594
44735,0.22887405395507815
44801,0.22602996826171876
44868,0.22947280883789065
44935,0.23590942382812502
45001,0.22513183593750002
45068,0.22094055175781252
45135,0.2389031982421875
45202,0.22019210815429688
45269,0.2213896179199219
45335,0.23096969604492187
45401,0.2231858825683594
45468,0.2225871276855469
45534,0.2267784118652344
45601,0.219144287109375
45668,0.20672012329101563
45735,0.2136058044433594
45801,0.21585113525390626
45868,0.20178039550781252
45935,0.2130070495605469
46002,0.20836669921875
46068,0.1945953369140625
46135,0.19983444213867188
46201,0.21165985107421875
46290,0.1926493835449219
46335,0.19040405273437502
46402,0.21674926757812502
46468,0.20791763305664063
46534,0.19579284667968752
46601,0.2028282165527344
46668,0.20387603759765627
46735,0.2136058044433594
46801,0.21315673828125
46868,0.2183958435058594
46935,0.20672012329101563
47001,0.21794677734375
47068,0.22183868408203125
47135,0.21016296386718752
47202,0.2197430419921875
47269,0.228724365234375
47335,0.21285736083984377
47402,0.21959335327148438
47468,0.22662872314453125
47535,0.2185455322265625
47602,0.2225871276855469
47668,0.2245330810546875
47735,0.22977218627929688
47801,0.22528152465820314
47868,0.22273681640625
47935,0.229921875
48001,0.22558090209960938
48068,0.22123992919921875
48135,0.22543121337890626
48201,0.21480331420898438
48269,0.22947280883789065
48335,0.2267784118652344
48401,0.21315673828125
48468,0.21555175781250002
48535,0.2171983337402344
48602,0.2077679443359375
48668,0.20327728271484377
48735,0.21570144653320314
48801,0.20492385864257814
48868,0.19639160156250002
48934,0.19908599853515627
49001,0.20267852783203125
49068,0.19309844970703127
49135,0.19908599853515627
49202,0.20103195190429687
49269,0.19953506469726565
49335,0.20387603759765627
49402,0.20073257446289064
49468,0.2028282165527344
49535,0.21525238037109376
49602,0.21630020141601564
49668,0.20791763305664063
49734,0.21091140747070314
49801,0.21794677734375
49868,0.22288650512695313
49934,0.22153930664062502
50002,0.21809646606445313
50068,0.21899459838867188
50134,0.22617965698242187
50202,0.22722747802734375
50269,0.21884490966796877
50335,0.22288650512695313
50402,0.2333647155761719
50468,0.22438339233398438
50534,0.22827529907226562
50602,0.22662872314453125
50668,0.23007156372070314
50735,0.219144287109375
50801,0.22438339233398438
50868,0.22423370361328127
50935,0.21540206909179688
51002,0.23052062988281252
51068,0.22123992919921875
51135,0.22183868408203125
51202,0.21929397583007815
51290,0.22183868408203125
51335,0.21031265258789064
51402,0.21510269165039064
51468,0.2118095397949219
51535,0.19669097900390625
51602,0.19923568725585938
51668,0.20941452026367188
51735,0.20148101806640625
51802,0.20686981201171875
51868,0.20642074584960937
51935,0.20193008422851563
52002,0.19983444213867188
52068,0.2124082946777344
52135,0.19908599853515627
52201,0.20118164062500002
52269,0.21031265258789064
52335,0.20836669921875
52402,0.20537292480468752
52468,0.21091140747070314
52535,0.21824615478515627
52602,0.21689895629882813
52668,0.214354248046875
52735,0.2219883728027344
52801,0.2183958435058594
52868,0.21929397583007815
52935,0.2233355712890625
53002,0.2225871276855469
53068,0.21151016235351563
53135,0.23067031860351564
53202,0.233514404296875
53269,0.2267784118652344
53335,0.22303619384765627
53402,0.23082000732421876
53468,0.228724365234375
53534,0.2293231201171875
53602,0.23141876220703125
53668,0.21390518188476565
53735,0.2185455322265625
53802,0.22588027954101564
53868,0.20686981201171875
53935,0.21136047363281252
54001,0.2213896179199219
54068,0.21809646606445313
54135,0.20731887817382813
54202,0.209564208984375
54269,0.20791763305664063
54335,0.21076171875000002
54402,0.2034269714355469
54468,0.20492385864257814
54535,0.19983444213867188
54602,0.2034269714355469
54668,0.2070195007324219
54735,0.2070195007324219
54802,0.19848724365234377
54868,0.20462448120117188
54934,0.20103195190429687
55002,0.1986369323730469
55068,0.20612136840820314
55135,0.21046234130859376
55202,0.20866607666015627
55269,0.20432510375976565
55335,0.21555175781250002
55402,0.21420455932617188
55468,0.21405487060546877
55535,0.21869522094726562
55602,0.22079086303710938
55668,0.22363494873046877
55735,0.22752685546875
55802,0.23067031860351564
55868,0.23785537719726563
55935,0.22902374267578127
56002,0.22632934570312502
56068,0.21899459838867188
56135,0.23561004638671876
56202,0.22543121337890626
56290,0.22079086303710938
56335,0.21689895629882813
56402,0.23171813964843752
56468,0.22632934570312502
56535,0.2279759216308594
56602,0.2281256103515625
56668,0.2197430419921875
56735,0.21689895629882813
56802,0.22094055175781252
56868,0.20627105712890625
56935,0.20731887817382813
57002,0.20627105712890625
57068,0.2089654541015625
57135,0.19609222412109376
57202,0.20537292480468752
57269,0.21001327514648438
57335,0.1922003173828125
57402,0.19429595947265627
57468,0.2029779052734375
57535,0.20402572631835938
57602,0.19654129028320313
57668,0.20312759399414063
57735,0.20103195190429687
57802,0.20133132934570314
57868,0.2029779052734375
57935,0.19714004516601563
58002,0.20881576538085939
58068,0.21001327514648438
58135,0.2130070495605469
58202,0.21165985107421875
58269,0.21600082397460937
58335,0.21136047363281252
58402,0.22438339233398438
58468,0.21749771118164063
58535,0.22094055175781252
58602,0.22483245849609376
58668,0.22827529907226562
58735,0.22049148559570314
58802,0.22617965698242187
58868,0.22423370361328127
58935,0.2293231201171875
59001,0.21959335327148438
59068,0.22827529907226562
59135,0.23022125244140626
59202,0.2130070495605469
59269,0.22498214721679688
59335,0.22588027954101564
59402,0.21749771118164063
59468,0.2177970886230469
59535,0.22273681640625
59606,0.2149530029296875
59668,0.2136058044433594
59739,0.21061203002929688
59806,0.20387603759765627
59867,0.20013381958007814
59939,0.2041754150390625
60005,0.20507354736328126
60068,0.20642074584960937
60139,0.20447479248046876
60205,0.19474502563476564
60269,0.19504440307617188
60339,0.19444564819335938
60405,0.19953506469726565
60467,0.19549346923828126
60539,0.20492385864257814
60605,0.20567230224609376
60668,0.20642074584960937
60739,0.20657043457031252
60805,0.1981878662109375
60868,0.2041754150390625
60938,0.19893630981445312
61005,0.20387603759765627
61068,0.2136058044433594
61138,0.21016296386718752
61205,0.21001327514648438
61291,0.22348526000976562
61336,0.2279759216308594
61405,0.22183868408203125
61472,0.22153930664062502
61538,0.21405487060546877
61605,0.22588027954101564
61673,0.2279759216308594
61738,0.22752685546875
61804,0.23231689453125
61872,0.21884490966796877
61938,0.22243743896484375
62005,0.2315684509277344
62072,0.22094055175781252
62138,0.22034179687500002
62204,0.22049148559570314
62269,0.21165985107421875
62338,0.20911514282226565
62404,0.21465362548828126
62472,0.20642074584960937
62537,0.19714004516601563
62604,0.21121078491210937
62672,0.19714004516601563
62738,0.20971389770507814
62804,0.19848724365234377
62873,0.20058288574218752
62937,0.19609222412109376
63004,0.19624191284179687
63073,0.21031265258789064
63137,0.20193008422851563
63204,0.20148101806640625
63269,0.21091140747070314
63337,0.202379150390625
63404,0.20642074584960937
63468,0.20372634887695312
63537,0.2089654541015625
63603,0.20252883911132813
63668,0.1981878662109375
63737,0.2082170104980469
63803,0.21465362548828126
63868,0.20642074584960937
63937,0.22168899536132813
64003,0.22692810058593751
64068,0.22228775024414063
64137,0.21869522094726562
64203,0.22109024047851564
64269,0.2173480224609375
64336,0.2171983337402344
64403,0.233514404296875
64468,0.22243743896484375
64536,0.2225871276855469
64603,0.22303619384765627
64668,0.22303619384765627
64736,0.22483245849609376
64803,0.22064117431640626
64867,0.22363494873046877
64936,0.22034179687500002
65003,0.22438339233398438
65067,0.21600082397460937
65136,0.214354248046875
65202,0.2137554931640625
65269,0.20836669921875
65336,0.20178039550781252
65402,0.21121078491210937
65467,0.2089654541015625
65536,0.20372634887695312
65603,0.19309844970703127
65668,0.1968406677246094
65736,0.19699035644531251
65802,0.19249969482421875
65868,0.19624191284179687
65936,0.1981878662109375
66002,0.19833755493164062
66068,0.21076171875000002
66136,0.1981878662109375
66202,0.20043319702148438
66291,0.2016307067871094
66335,0.1986369323730469
66402,0.2076182556152344
66468,0.20462448120117188
66535,0.2118095397949219
66602,0.20851638793945312
66668,0.21555175781250002
66735,0.2185455322265625
66802,0.214354248046875
66868,0.22168899536132813
66935,0.22183868408203125
67002,0.21989273071289064
67068,0.22513183593750002
67135,0.22363494873046877
67202,0.21525238037109376
67269,0.21794677734375
67335,0.2279759216308594
67402,0.2273771667480469
67468,0.214354248046875
67535,0.21630020141601564
67602,0.23171813964843752
67667,0.2171983337402344
67735,0.22183868408203125
67802,0.22573059082031252
67867,0.20941452026367188
67935,0.22109024047851564
68002,0.21525238037109376
68068,0.20612136840820314
68135,0.209564208984375
68202,0.20686981201171875
68269,0.19893630981445312
68335,0.199984130859375
68401,0.1933978271484375
68468,0.21136047363281252
68535,0.192799072265625
68602,0.2028282165527344
68668,0.20252883911132813
68735,0.19354751586914062
68802,0.20372634887695312
68868,0.20582199096679688
68935,0.19923568725585938
69001,0.20357666015625
69068,0.20372634887695312
69135,0.20193008422851563
69202,0.20627105712890625
69270,0.20911514282226565
69335,0.2034269714355469
69402,0.21630020141601564
69469,0.21165985107421875
69535,0.21210891723632813
69602,0.2185455322265625
69668,0.21644989013671875
69735,0.21091140747070314
69801,0.21749771118164063
69869,0.2231858825683594
69935,0.22707778930664063
70002,0.21689895629882813
70069,0.23306533813476563
70135,0.22064117431640626
70202,0.22647903442382813
70270,0.21570144653320314
70335,0.2177970886230469
70402,0.22528152465820314
70469,0.22363494873046877
70535,0.22019210815429688
70602,0.21899459838867188
70668,0.2213896179199219
70735,0.2171983337402344
70801,0.22273681640625
70868,0.21001327514648438
70935,0.207169189453125
71002,0.20612136840820314
71068,0.21106109619140626
71135,0.2082170104980469
71202,0.20088226318359376
71290,0.19893630981445312
71335,0.20537292480468752
71402,0.1981878662109375
71468,0.2016307067871094
71535,0.19893630981445312
71602,0.19893630981445312
71668,0.19833755493164062
71734,0.20731887817382813
71801,0.2082170104980469
71868,0.19923568725585938
71935,0.20447479248046876
72002,0.21540206909179688
72068,0.20312759399414063
72135,0.21450393676757815
72202,0.219144287109375
72269,0.21674926757812502
72335,0.21884490966796877
72402,0.22094055175781252
72468,0.21165985107421875
72535,0.22348526000976562
72602,0.21929397583007815
72668,0.21959335327148438
72735,0.22632934570312502
72801,0.22827529907226562
72868,0.21001327514648438
72935,0.2285746765136719
73002,0.22423370361328127
73068,0.22543121337890626
73135,0.22348526000976562
73202,0.22228775024414063
73269,0.22917343139648438
73335,0.2197430419921875
73402,0.22288650512695313
73468,0.22019210815429688
73535,0.21944366455078126
73602,0.21570144653320314
73668,0.21151016235351563
73735,0.20387603759765627
73801,0.21076171875000002
73868,0.21225860595703125
73935,0.20731887817382813
74001,0.20612136840820314
74068,0.20432510375976565
74135,0.20193008422851563
74202,0.19699035644531251
74269,0.21076171875000002
74335,0.19848724365234377
74402,0.20028350830078126
74468,0.20492385864257814
74535,0.20103195190429687
74602,0.19654129028320313
74668,0.20178039550781252
74735,0.20986358642578126
74801,0.21210891723632813
74868,0.20836669921875
74935,0.20597167968750002
75002,0.21061203002929688
75068,0.2124082946777344
75135,0.21615051269531252
75202,0.22004241943359376
75269,0.22498214721679688
75335,0.22168899536132813
75402,0.22617965698242187
75468,0.22363494873046877
75535,0.22767654418945313
75602,0.2245330810546875
75668,0.214354248046875
75735,0.23201751708984375
75801,0.21420455932617188
75868,0.22752685546875
75935,0.21405487060546877
76002,0.2267784118652344
76067,0.22094055175781252
76135,0.21106109619140626
76202,0.21136047363281252
76297,0.22109024047851564
76335,0.21869522094726562
76402,0.21285736083984377
76468,0.20746856689453125
76535,0.21106109619140626
76602,0.20552261352539064
76668,0.21345611572265627
76735,0.20537292480468752
76802,0.202379150390625
76868,0.20447479248046876
76935,0.20073257446289064
77002,0.2016307067871094
77068,0.20537292480468752
77135,0.1980381774902344
77202,0.1968406677246094
77269,0.19923568725585938
77335,0.2029779052734375
77402,0.21046234130859376
77468,0.1993853759765625
77535,0.21121078491210937
77602,0.2034269714355469
77668,0.22123992919921875
77735,0.21570144653320314
77801,0.20731887817382813
77868,0.21405487060546877
77935,0.21510269165039064
78002,0.2124082946777344
78068,0.21270767211914063
78135,0.21570144653320314
78202,0.22064117431640626
78269,0.21674926757812502
78335,0.22079086303710938
78402,0.22034179687500002
78468,0.22153930664062502
78535,0.21869522094726562
78602,0.2281256103515625
78668,0.21809646606445313
78735,0.21570144653320314
78801,0.23082000732421876
78868,0.21285736083984377
78935,0.21420455932617188
79001,0.219144287109375
79068,0.21510269165039064
79135,0.20567230224609376
79202,0.20672012329101563
79269,0.21136047363281252
79335,0.20193008422851563
79402,0.2082170104980469
79468,0.2089654541015625
79535,0.20357666015625
79602,0.2077679443359375
79668,0.20372634887695312
79735,0.1920506286621094
79801,0.20073257446289064
79867,0.2089654541015625
79935,0.19130218505859375
80002,0.195194091796875
80068,0.1945953369140625
80135,0.20207977294921875
80202,0.20073257446289064
80269,0.20028350830078126
80335,0.20118164062500002
80402,0.1974394226074219
80468,0.20657043457031252
80535,0.20911514282226565
80602,0.21165985107421875
80668,0.21764739990234377
80735,0.21390518188476565
80802,0.21001327514648438
80868,0.2165995788574219
80935,0.21031265258789064
81002,0.21749771118164063
81068,0.22243743896484375
81135,0.22468276977539064
81202,0.21165985107421875
81288,0.23171813964843752
81335,0.2245330810546875
81402,0.21106109619140626
81468,0.22079086303710938
81535,0.22378463745117189
81602,0.21689895629882813
81668,0.22004241943359376
81735,0.21555175781250002
81802,0.21420455932617188
81868,0.2082170104980469
81935,0.2197430419921875
82002,0.21225860595703125
82068,0.2077679443359375
82135,0.2034269714355469
82202,0.21121078491210937
82269,0.195194091796875
82335,0.20522323608398438
82402,0.20073257446289064
82468,0.18830841064453127
82535,0.19848724365234377
82602,0.20073257446289064
82668,0.19953506469726565
82735,0.1968406677246094
82802,0.20507354736328126
82868,0.197589111328125
82935,0.19773880004882813
83002,0.2070195007324219
83068,0.19923568725585938
83135,0.20851638793945312
83202,0.20672012329101563
83268,0.209564208984375
83335,0.19773880004882813
83402,0.22049148559570314
83468,0.21390518188476565
83535,0.20552261352539064
83602,0.21824615478515627
83668,0.22004241943359376
83735,0.20986358642578126
83801,0.22064117431640626
83868,0.22408401489257815
83935,0.2171983337402344
84001,0.22183868408203125
84068,0.23261627197265627
84135,0.22498214721679688
84202,0.22228775024414063
84268,0.2267784118652344
84335,0.21016296386718752
84402,0.21674926757812502
84468,0.22483245849609376
84535,0.21585113525390626
84602,0.21121078491210937
84668,0.2136058044433594
84735,0.22423370361328127
84802,0.2034269714355469
84868,0.2118095397949219
84935,0.21315673828125
85002,0.2028282165527344
85068,0.21420455932617188
85135,0.2124082946777344
85202,0.1932481384277344
85268,0.20327728271484377
85335,0.20522323608398438
85402,0.19190093994140625
85468,0.20013381958007814
85535,0.20193008422851563
85602,0.192799072265625
85668,0.20492385864257814
85735,0.20612136840820314
85802,0.20612136840820314
85868,0.19594253540039064
85935,0.2028282165527344
86002,0.20851638793945312
86068,0.19773880004882813
86135,0.21061203002929688
86202,0.2285746765136719
86290,0.21270767211914063
86335,0.2171983337402344
86402,0.21764739990234377
86468,0.21061203002929688
86535,0.2149530029296875
86602,0.21450393676757815
86668,0.21540206909179688
86735,0.22243743896484375
86802,0.22752685546875
86868,0.22064117431640626
86935,0.21674926757812502
87002,0.22513183593750002
87068,0.22588027954101564
87135,0.22168899536132813
87202,0.2245330810546875
87268,0.22168899536132813
87335,0.22034179687500002
87405,0.21794677734375
87467,0.2225871276855469
87538,0.2076182556152344
87605,0.21285736083984377
87668,0.20507354736328126
87738,0.20642074584960937
87805,0.20612136840820314
87868,0.20507354736328126
87938,0.1968406677246094
88004,0.1986369323730469
88068,0.19504440307617188
88138,0.20013381958007814
88204,0.19085311889648438
88268,0.19953506469726565
88338,0.20073257446289064
88404,0.20148101806640625
88468,0.20327728271484377
88537,0.2029779052734375
88604,0.19534378051757814
88672,0.20028350830078126
88739,0.20986358642578126
88804,0.20148101806640625
88871,0.2041754150390625
88937,0.21285736083984377
89004,0.207169189453125
89071,0.21270767211914063
89137,0.21899459838867188
89204,0.20731887817382813
89269,0.22153930664062502
89338,0.22782623291015627
89404,0.2130070495605469
89471,0.2165995788574219
89537,0.22782623291015627
89603,0.22168899536132813
89670,0.22617965698242187
89737,0.23007156372070314
89803,0.2267784118652344
89871,0.2165995788574219
89937,0.22707778930664063
90004,0.22573059082031252
90073,0.2197430419921875
90138,0.22019210815429688
90204,0.22049148559570314
90269,0.2125579833984375
90338,0.20507354736328126
90404,0.21929397583007815
90472,0.20088226318359376
90537,0.20267852783203125
90604,0.20806732177734377
90672,0.20252883911132813
90737,0.20148101806640625
90804,0.19908599853515627
90868,0.20267852783203125
90937,0.19773880004882813
91003,0.19714004516601563
91068,0.2070195007324219
91137,0.19639160156250002
91203,0.19369720458984377
91291,0.20432510375976565
91335,0.2029779052734375
91403,0.19908599853515627
91468,0.2076182556152344
91537,0.20941452026367188
91603,0.20088226318359376
91668,0.2165995788574219
91736,0.2034269714355469
91803,0.20148101806640625
91868,0.21899459838867188
91937,0.21121078491210937
92003,0.21465362548828126
92068,0.21689895629882813
92136,0.2213896179199219
92203,0.21929397583007815
92268,0.22887405395507815
92336,0.2173480224609375
92403,0.228724365234375
92468,0.2225871276855469
92536,0.2333647155761719
92603,0.21061203002929688
92667,0.2197430419921875
92736,0.21525238037109376
92802,0.21764739990234377
92868,0.22363494873046877
92936,0.2285746765136719
93002,0.2213896179199219
93068,0.21704864501953125
93135,0.22647903442382813
93202,0.20672012329101563
93268,0.2041754150390625
93335,0.2082170104980469
93402,0.20252883911132813
93468,0.19699035644531251
93535,0.209564208984375
93602,0.2028282165527344
93668,0.1926493835449219
93735,0.19728973388671875
93802,0.20597167968750002
93868,0.20462448120117188
93935,0.192799072265625
94002,0.20193008422851563
94068,0.19848724365234377
94135,0.20058288574218752
94202,0.20043319702148438
94269,0.20522323608398438
94335,0.20103195190429687
94402,0.2077679443359375
94468,0.2149530029296875
94535,0.20267852783203125
94602,0.20731887817382813
94668,0.21570144653320314
94735,0.21106109619140626
94802,0.21540206909179688
94867,0.228724365234375
94935,0.21899459838867188
95002,0.21644989013671875
95068,0.21405487060546877
95135,0.2149530029296875
95202,0.2173480224609375
95269,0.23261627197265627
95335,0.22109024047851564
95402,0.22513183593750002
95468,0.2173480224609375
95535,0.22049148559570314
95602,0.2185455322265625
95668,0.22632934570312502
95735,0.2267784118652344
95801,0.2267784118652344
95868,0.21944366455078126
95935,0.21210891723632813
96002,0.21106109619140626
96068,0.21525238037109376
96135,0.21764739990234377
96202,0.20986358642578126
96290,0.197589111328125
96335,0.21121078491210937
96402,0.20402572631835938
96469,0.20207977294921875
96535,0.2034269714355469
96602,0.197589111328125
96669,0.1974394226074219
96735,0.20597167968750002
96801,0.199984130859375
96869,0.1968406677246094
96935,0.20462448120117188
97002,0.1980381774902344
97069,0.1920506286621094
97135,0.20372634887695312
97202,0.21121078491210937
97269,0.2076182556152344
97335,0.21570144653320314
97402,0.2130070495605469
97468,0.21061203002929688
97535,0.21031265258789064
97602,0.22273681640625
97668,0.20836669921875
97735,0.21615051269531252
97801,0.21450393676757815
97868,0.21929397583007815
97935,0.22243743896484375
98002,0.2219883728027344
98068,0.2118095397949219
98135,0.2137554931640625
98202,0.21989273071289064
98269,0.223934326171875
98335,0.21644989013671875
98402,0.22094055175781252
98468,0.21899459838867188
98535,0.21510269165039064
98602,0.21944366455078126
98668,0.22034179687500002
98735,0.21121078491210937
98802,0.207169189453125
98868,0.19953506469726565
98935,0.2070195007324219
99001,0.21106109619140626
99068,0.20252883911132813
99135,0.20178039550781252
99202,0.19953506469726565
99269,0.20013381958007814
99335,0.1933978271484375
99402,0.19699035644531251
99468,0.19968475341796876
99535,0.20372634887695312
99602,0.1920506286621094
99668,0.19474502563476564
99735,0.20327728271484377
99801,0.19728973388671875
99867,0.20642074584960937
99935,0.19908599853515627
100002,0.20582199096679688
100068,0.21016296386718752
100135,0.207169189453125
100202,0.20836669921875
100269,0.21615051269531252
100335,0.20522323608398438
100402,0.21285736083984377
100468,0.21749771118164063
100535,0.21959335327148438
100602,0.20672012329101563
100668,0.22123992919921875
100735,0.2213896179199219
100801,0.22109024047851564
100868,0.20657043457031252
100935,0.21929397583007815
101002,0.22168899536132813
101068,0.22079086303710938
101135,0.21704864501953125
101202,0.22378463745117189
101289,0.21480331420898438
101335,0.21809646606445313
101402,0.21944366455078126
101468,0.21540206909179688
101535,0.21046234130859376
101602,0.21001327514648438
101668,0.20627105712890625
101735,0.20178039550781252
101801,0.20657043457031252
101868,0.20207977294921875
101935,0.19983444213867188
102002,0.1981878662109375
102068,0.1974394226074219
102135,0.19639160156250002
102202,0.20058288574218752
102269,0.19833755493164062
102335,0.1945953369140625
102402,0.19504440307617188
102468,0.2089654541015625
102535,0.20552261352539064
102602,0.20447479248046876
102668,0.2028282165527344
102735,0.20118164062500002
102801,0.19953506469726565
102868,0.20836669921875
102935,0.20252883911132813
103002,0.20642074584960937
103068,0.21674926757812502
103135,0.20387603759765627
103202,0.21165985107421875
103269,0.219144287109375
103335,0.21405487060546877
103402,0.22483245849609376
103468,0.21031265258789064
103535,0.21749771118164063
103602,0.22273681640625
103668,0.22288650512695313
103735,0.21824615478515627
103801,0.214354248046875
103868,0.21929397583007815
103935,0.21944366455078126
104001,0.20881576538085939
104068,0.22123992919921875
104135,0.2171983337402344
104202,0.209564208984375
104269,0.21749771118164063
104335,0.2089654541015625
104402,0.209564208984375
104468,0.20612136840820314
104535,0.20657043457031252
104602,0.20507354736328126
104668,0.20207977294921875
104735,0.19923568725585938
104801,0.20178039550781252
104868,0.20043319702148438
104935,0.20118164062500002
105002,0.20627105712890625
105068,0.1898052978515625
105135,0.20402572631835938
105202,0.20148101806640625
105268,0.19878662109375
105335,0.20387603759765627
105402,0.19654129028320313
105468,0.1980381774902344
105535,0.20672012329101563
105602,0.20851638793945312
105668,0.20866607666015627
105735,0.20522323608398438
105801,0.20058288574218752
105868,0.2076182556152344
105935,0.21585113525390626
106002,0.2041754150390625
106068,0.2177970886230469
106135,0.2118095397949219
106202,0.21644989013671875
106290,0.2183958435058594
106335,0.21689895629882813
106402,0.21225860595703125
106468,0.21959335327148438
106535,0.22243743896484375
106602,0.23067031860351564
106668,0.21345611572265627
106735,0.219144287109375
106802,0.21869522094726562
106868,0.22109024047851564
106935,0.2124082946777344
107002,0.22153930664062502
107068,0.20582199096679688
107135,0.21689895629882813
107202,0.20522323608398438
107269,0.20627105712890625
107335,0.20911514282226565
107402,0.21106109619140626
107468,0.20971389770507814
107535,0.2029779052734375
107602,0.20597167968750002
107668,0.1993853759765625
107735,0.20462448120117188
107802,0.20267852783203125
107868,0.20058288574218752
107935,0.20612136840820314
108002,0.19699035644531251
108068,0.20013381958007814
108135,0.19190093994140625
108202,0.20073257446289064
108269,0.20372634887695312
108335,0.19369720458984377
108402,0.2041754150390625
108468,0.22004241943359376
108535,0.2124082946777344
108602,0.21046234130859376
108668,0.21989273071289064
108735,0.21555175781250002
108802,0.22153930664062502
108868,0.21749771118164063
108935,0.21674926757812502
109001,0.21570144653320314
109068,0.21465362548828126
109135,0.2327659606933594
109202,0.21061203002929688
109269,0.22573059082031252
109335,0.22558090209960938
109402,0.22079086303710938
109468,0.21615051269531252
109535,0.2149530029296875
109602,0.21076171875000002
109668,0.20193008422851563
109735,0.21824615478515627
109801,0.21480331420898438
109868,0.2089654541015625
109935,0.2149530029296875
110002,0.2137554931640625
110068,0.20267852783203125
110135,0.20926483154296877
110202,0.21270767211914063
110269,0.20118164062500002
110335,0.20327728271484377
110402,0.20133132934570314
110468,0.20672012329101563
110535,0.20612136840820314
110602,0.19294876098632813
110668,0.20013381958007814
110735,0.20507354736328126
110802,0.19833755493164062
110868,0.20372634887695312
110935,0.19549346923828126
111002,0.20327728271484377
111068,0.19474502563476564
111135,0.1981878662109375
111202,0.20642074584960937
111288,0.20567230224609376
111335,0.20372634887695312
111402,0.21061203002929688
111468,0.21585113525390626
111535,0.21450393676757815
111602,0.21076171875000002
111668,0.2185455322265625
111735,0.20971389770507814
111802,0.21136047363281252
111868,0.219144287109375
111935,0.21525238037109376
112002,0.21450393676757815
112068,0.2183958435058594
112135,0.22558090209960938
112202,0.2118095397949219
112269,0.21480331420898438
112335,0.21899459838867188
112402,0.22423370361328127
112468,0.21809646606445313
112535,0.22004241943359376
112602,0.21525238037109376
112668,0.21450393676757815
112735,0.21585113525390626
112802,0.20507354736328126
112868,0.202379150390625
112935,0.20492385864257814
113002,0.2016307067871094
113068,0.2016307067871094
113134,0.20686981201171875
113202,0.20058288574218752
113269,0.1980381774902344
113335,0.20492385864257814
113402,0.19564315795898438
113468,0.19145187377929687
113535,0.20866607666015627
113602,0.20327728271484377
113668,0.1980381774902344
113735,0.19369720458984377
113802,0.21195922851562501
113868,0.20492385864257814
113935,0.2041754150390625
114001,0.20028350830078126
114068,0.20252883911132813
114134,0.20911514282226565
114202,0.20522323608398438
114269,0.20492385864257814
114335,0.21151016235351563
114402,0.21764739990234377
114468,0.21016296386718752
114535,0.21001327514648438
114602,0.22168899536132813
114668,0.2130070495605469
114735,0.21899459838867188
114802,0.22363494873046877
114868,0.2171983337402344
114935,0.2183958435058594
115002,0.21644989013671875
115068,0.22153930664062502
115135,0.20911514282226565
115202,0.2171983337402344
115269,0.21420455932617188
115335,0.21151016235351563
115402,0.2077679443359375
115468,0.21031265258789064
115535,0.21345611572265627
115602,0.20492385864257814
115668,0.20103195190429687
115735,0.2041754150390625
115802,0.20881576538085939
115868,0.2028282165527344
115935,0.20537292480468752
116002,0.19549346923828126
116068,0.20327728271484377
116135,0.19160156250000002
116206,0.1980381774902344
116290,0.1980381774902344
116338,0.2034269714355469
116407,0.19788848876953127
116468,0.20357666015625
116540,0.21165985107421875
116606,0.19788848876953127
116668,0.20252883911132813
116739,0.20851638793945312
116806,0.21076171875000002
116868,0.20118164062500002
116939,0.2016307067871094
117006,0.20986358642578126
117068,0.2082170104980469
117139,0.21151016235351563
117206,0.21570144653320314
117269,0.2173480224609375
117339,0.21330642700195312
117406,0.2165995788574219
117468,0.21345611572265627
117539,0.21046234130859376
117606,0.21600082397460937
117668,0.22034179687500002
117739,0.21929397583007815
117805,0.2165995788574219
117873,0.22288650512695313
117939,0.22962249755859376
118005,0.21420455932617188
118073,0.2183958435058594
